course_id,number_of_ratings,rating
0,23,4.4
1,923,4.7
2,74,4.7
3,11,3.9
4,45,4.6
5,138,3.7
6,178,4.6
7,148,3.4
8,34,3.8
9,14,4.9
10,93,4.6
11,42,4.2
12,21,4.5
13,52,4.4
14,19,4.5
15,106,4.5
16,79,3.9
17,115,3.7
18,24,4.3
19,249,4.7
20,3,4.5
21,84,3.9
22,83,4.6
23,38,4.9
24,333,4.6
25,518,4.7
26,373,3.7
27,237,3.5
28,103,3.4
29,25,4.3
30,21,4
31,171,4.3
32,449,3.3
33,11,4.3
34,12,4.4
35,118,4.3
36,2476,4
37,1118,4.7
38,2697,4.1
39,809,3.5
40,2347,3.3
41,278,3.5
42,137,3.8
43,1190,3.9
44,1113,3.8
45,594,4.5
46,42,4.1
47,872,3.3
48,11,3.9
49,65,4.2
50,12,5
51,71,4.8
52,200,3.8
53,23,4.5
54,11,4.9
55,83,3.8
56,123,3.5
57,169,3.9
58,6,4.6
59,2,4.3
60,689,4.3
61,600,4.2
62,497,4
63,340,3.6
64,713,3.2
65,158,4.1
66,985,3.9
67,461,4.5
68,162,3.8
69,506,3.6
70,237,3.9
71,218,4.3
72,18,4.4
73,240,3.3
74,273,4.1
75,16,3.9
76,232,4.7
77,331,4.3
78,40,4.6
79,244,3.8
80,71,4.1
81,225,4.1
82,370,3.6
83,340,3.3
84,55,4.9
85,69,4.9
86,53,4
87,212,3.2
88,57,4.2
89,15,4.5
90,100,4.9
91,5,4
92,276,3.8
93,402,4.2
94,30,3.9
95,66,4.5
96,1,4.4
97,18,4.3
98,31,4.3
99,19,5
100,15,4.5
101,25,3.9
102,12,4.5
103,2698,4.3
104,13,4.5
105,9,4.4
106,620,4.6
107,38,4.4
108,151,3.8
109,17,4.6
110,19,3.9
111,14,4.7
112,794,3.9
113,8,4.5
114,16,4.5
115,29,4.4
116,8,4.5
117,48,4.6
118,48,5
119,1463,4.3
120,1,5
121,194,3.8
122,6,5
123,48,4.7
124,10,4.5
125,11,4.2
126,30,3.9
127,35,4.3
128,649,3.8
129,54,4.2
130,1,3.9
131,3,4.1
132,187,4.1
133,9,3.9
134,16,3.9
135,14,3.8
136,4,4
137,149,4.3
138,65,4.3
139,4,4.4
140,110,3.8
141,140,4.3
142,46,4.2
143,4397,4.5
144,101,4
145,424,4
146,96,4.1
147,42,4.5
148,12,4.8
149,142,3.3
150,25,3.9
151,13,4.9
152,16,4.6
153,11,4.7
154,43,4.8
155,9,4.3
156,2,4.9
157,86,3.9
158,21,4.1
159,158,4
160,351,3.2
161,267,4
162,15,4.5
163,70,5
164,6,4.6
165,12,4.1
166,31,4.4
167,10,3.9
168,34,4.2
169,45,4.5
170,54,4.4
171,6,4.7
172,25,4.3
173,352,3.8
174,7,4.1
175,59,4.7
176,102,3.5
177,234,3.7
178,265,4.3
179,138,4
180,67,4.2
181,9,4.7
182,252,3.3
183,21,4.6
184,23,4.8
185,15,4.7
186,24,4.5
187,59,3.9
188,23,4.2
189,3,4
190,31,4.5
191,45,4.4
192,2,5
193,281,3.8
194,54,4.2
195,17,4.6
196,42,4.1
197,12,4.9
198,22,4.4
199,36,4.6
200,139,3.5
201,26,4.3
202,12,4.8
203,12,4.3
204,3,4.1
205,16,3.9
206,207,4.3
207,32,4.4
208,64,4.9
209,161,4.3
210,4,4.6
211,15,4.9
212,107,3.5
213,0,3.9
214,6,4.6
215,28,4.7
216,12,3.9
217,6,4.3
218,16,4.8
219,26,4
220,44,4.8
221,3,4.7
222,9,4.2
223,8,4.6
224,29,4.5
225,10,4.8
226,55,4
227,30,4
228,33,4.9
229,17,4.2
230,4,4.3
231,23,4.5
232,24,4.1
233,27,4
234,13,3.9
235,54,4.4
236,12,4.2
237,110,4.3
238,117,3.7
239,18,4.5
240,80,4.1
241,79,5
242,48,4.7
243,23,4.6
244,15,5
245,31,4.3
246,19,4.5
247,40,4.3
248,32,4.9
249,181,4.4
250,1,4.3
251,1,5
252,1,4.9
253,32,4.2
254,1,4.3
255,1,4.2
256,0,4.8
257,5,4.5
258,2,4.9
259,2,4.1
260,10,4.4
261,6,4.9
262,12,4.3
263,47,4.6
264,2,4.1
265,117,3.7
266,77,4.7
267,185,3.6
268,38,4.4
269,20,4.9
270,4,4
271,11,4.7
272,64,4.9
273,8,4.3
274,22,3.9
275,9,4
276,4,4.1
277,3,4.8
278,2,4.7
279,3,4.6
280,7,4.7
281,6,4.6
282,11,4.6
283,258,3.3
284,5,5
285,11,4.1
286,7,4.4
287,57,4.8
288,41,3.8
289,5,4
290,395,3.9
291,12,5
292,52,4.5
293,14,3.8
294,49,4.2
295,11,3.9
296,45,4.7
297,799,4.6
298,27,4.7
299,43,4.4
300,13,4.3
301,36,4.2
302,10,4.5
303,51,4.3
304,11,4.8
305,5,4.2
306,41,4.3
307,6,4.5
308,21,4.9
309,6,4.7
310,17,4.3
311,2,4.5
312,7,4.2
313,5,4.2
314,9,4.4
315,14,4.3
316,8,4.2
317,5,4
318,14,5
319,18,4.1
320,10,4.5
321,33,4.1
322,3,4.6
323,38,4.7
324,9,4.3
325,4,4.5
326,16,3.9
327,10,3.9
328,49,3.8
329,81,4.7
330,70,4.8
331,1,4
332,23,4.6
333,24,4.9
334,35,4.1
335,7,4.7
336,14,4.6
337,17,4.2
338,4,4.3
339,41,4.9
340,202,3.4
341,4,4.9
342,35,4.1
343,12,4.9
344,2,4.3
345,46,4.8
346,83,4.1
347,31,4
348,584,3.4
349,22,4.9
350,44,4.2
351,17,4.6
352,4,4.2
353,51,4.5
354,158,3.6
355,154,4.4
356,9,4.3
357,21,4.4
358,6,4.5
359,14,3.8
360,12,4.7
361,14,4.3
362,18,3.8
363,48,4.8
364,25,4.5
365,33,3.9
366,15,4.9
367,8,4.8
368,27,4.5
369,11,4
370,27,4.1
371,224,3.7
372,29,4
373,7,4.7
374,1440,4.7
375,25,4
376,21,4.9
377,19,4.8
378,31,4.1
379,0,4.7
380,95,4.3
381,70,4.6
382,12,4.4
383,4,4.3
384,32,5
385,22,4.6
386,54,4.9
387,6,4.2
388,12,4.9
389,218,4.4
390,137,4.3
391,56,4.9
392,8,4.8
393,137,3.7
394,20,4.7
395,281,4.3
396,33,4.2
397,19,4.9
398,52,4.3
399,103,4.2
400,89,4.5
401,40,4.7
402,17,3.8
403,61,4.5
404,92,4
405,0,4.7
406,1,4.3
407,1,4.1
408,0,4.6
409,0,4.2
410,1,4.6
411,0,3.8
412,1,4.9
413,0,3.9
414,1,4.2
415,0,5
416,2,3.8
417,6,4.9
418,3,4.3
419,2,3.9
420,6,3.9
421,3,4.1
422,4,4.9
423,6,4.6
424,3,3.9
425,8,4.5
426,2,4
427,11,4.9
428,6,4.8
429,1,4.4
430,10,4.2
431,4,3.8
432,29,4.2
433,60,4.3
434,7,4.8
435,5,4.9
436,4,4.1
437,20,4.5
438,4,3.9
439,6,4.6
440,5,4.7
441,26,3.9
442,3,4.4
443,7,3.9
444,11,4.3
445,64,4.5
446,16,4
447,9,4.3
448,19,4.9
449,34,4.4
450,56,4.9
451,35,4.7
452,6,4.2
453,0,4.7
454,0,4.2
455,0,4.7
456,0,4.4
457,0,4.6
458,0,4.8
459,0,3.8
460,0,4.6
461,0,4.7
462,0,4
463,0,4.3
464,0,4.1
465,47,4.5
466,10,4.3
467,34,3.9
468,13,4
469,14,3.9
470,2,4.9
471,16,4.2
472,10,4.9
473,10,4.5
474,2,3.8
475,13,4.6
476,10,4.5
477,6,3.8
478,2,4.1
479,9,4
480,4,4.7
481,1,4
482,1,4.6
483,3,4.4
484,53,4.8
485,2,3.8
486,1,4.4
487,4,3.9
488,11,3.8
489,30,4.2
490,44,4.5
491,256,4.3
492,936,3.9
493,76,4.2
494,712,3.7
495,4,4.9
496,58,4.9
497,37,4.8
498,5,4.8
499,23,4.3
500,38,4.3
501,10,4.1
502,70,4
503,1,4.4
504,20,4.6
505,6,4.1
506,33,3.8
507,13,4.1
508,8,4.1
509,8,4.8
510,6,4.8
511,8,4.9
512,11,4.2
513,0,4
514,0,4.6
515,0,4.5
516,0,4.2
517,0,3.8
518,0,4.2
519,0,4.4
520,0,4.2
521,0,4.7
522,0,4.7
523,1,4.1
524,0,4.5
525,2,4.6
526,12,4.3
527,9,4.1
528,36,5
529,1,4.6
530,15,4.5
531,18,4.3
532,7,3.9
533,15,4.6
534,24,4.8
535,2,3.8
536,25,4.8
537,15,4.6
538,4,4.7
539,9,4
540,9,4.5
541,23,4.3
542,9,5
543,16,4.4
544,47,4.2
545,29,4.3
546,20,4.8
547,13,5
548,25,4
549,10,4.1
550,8,4.1
551,8,4.5
552,3,4.3
553,17,4.3
554,3,4.7
555,9,4.1
556,11,4.6
557,7,4.5
558,22,4.4
559,4,4.4
560,10,4.3
561,128,3.4
562,33,4.6
563,40,4.2
564,34,4.1
565,12,4.2
566,48,4.5
567,2,4.5
568,135,3.3
569,8,5
570,444,4.5
571,85,4.3
572,635,4.5
573,0,4.5
574,0,4.1
575,0,4.3
576,0,4.6
577,1,4.6
578,2,4
579,0,3.8
580,0,3.9
581,0,4.9
582,0,4.5
583,0,4.3
584,0,4.2
585,1,4.2
586,1,4.3
587,4,4.6
588,1,4.4
589,3,4.4
590,7,4.5
591,1,4.5
592,2,3.9
593,1,4
594,7,3.8
595,2,4
596,5,4.5
597,18,4.4
598,3,4.2
599,4,4.4
600,18,4.1
601,5,4.9
602,3,4.1
603,3,4.5
604,25,4.6
605,15,4
606,14,4.8
607,4,4.8
608,3,4.1
609,1,4
610,2,4.3
611,3,5
612,10,3.8
613,2,4
614,1,4.1
615,1,4.7
616,6,4.9
617,1,4.5
618,1,4.6
619,1,4.5
620,1,3.9
621,24,3.9
622,13,4.3
623,96,4
624,24,4.2
625,27,5
626,109,3.9
627,14,4.2
628,7,4.3
629,109,3.4
630,84,4.4
631,44,4.5
632,15,4.6
633,1,4.7
634,1,3.9
635,2,4.9
636,2,4.4
637,1,4.3
638,0,4.8
639,0,4.7
640,2,4.9
641,1,4
642,3,4.7
643,1,4
644,3,4.8
645,16,4.5
646,49,4.8
647,54,4.5
648,20,4.6
649,19,4.5
650,32,4.3
651,98,4.2
652,27,4.8
653,19,3.8
654,34,4.7
655,4,4.1
656,24,3.9
657,2,5
658,2,4.5
659,3,4.9
660,3,3.9
661,0,4.9
662,3,4.6
663,2,4.2
664,2,4.6
665,7,4.2
666,0,3.9
667,1,4.7
668,2,4.6
669,86,4.1
670,890,3.3
671,49,4.9
672,40,4.5
673,67,3.9
674,55,4.3
675,11,4.3
676,20,4.4
677,10,4.6
678,13,4.4
679,68,4
680,39,4.4
681,2,4.8
682,2,4.6
683,15,5
684,4,4.2
685,2,4.8
686,2,3.9
687,15,4.2
688,1,5
689,2,4.8
690,2,5
691,81,4.2
692,3,3.9
693,12,4.1
694,12,4.8
695,169,4.4
696,13,4.2
697,71,3.8
698,12,4.9
699,10,4.7
700,61,4.7
701,17,4.4
702,39,4
703,14,4.2
704,40,4.1
705,14,5
706,3,4.8
707,34,4.6
708,55,4.7
709,0,4.3
710,12,4.9
711,17,4.7
712,45,4.2
713,60,4.2
714,45,4.9
715,14,4.7
716,2,4.1
717,2,4.6
718,7,3.8
719,1,4.9
720,30,4.2
721,2,4.3
722,9,4.9
723,4,4.6
724,25,4.7
725,35,4.8
726,7,4.3
727,66,4.7
728,5,4.4
729,140,4.7
730,11,4.7
731,34,3.8
732,1,4.2
733,45,4
734,13,4.1
735,51,4.5
736,2,4
737,9,4.9
738,23,4.8
739,14,4
740,58,4.4
741,9,3.9
742,69,4.5
743,4,4.5
744,5,3.9
745,4,4.8
746,5,4.3
747,13,4.4
748,3,3.9
749,4,4.7
750,6,4.8
751,5,4.8
752,4,4.7
753,10,4.2
754,11,4.1
755,83,4.8
756,30,3.8
757,23,4.1
758,11,4
759,12,3.8
760,3,4.8
761,14,4.1
762,17,5
763,22,3.8
764,6,4
765,8,4.5
766,2,4.1
767,9,4.3
768,3,4.7
769,32,4.2
770,3,4.5
771,5,4.1
772,5,4.6
773,5,4.6
774,10,4.5
775,7,4.3
776,5,4.6
777,0,4
778,0,4.1
779,0,4.4
780,0,4.4
781,0,4.3
782,0,4
783,0,4
784,0,4.9
785,0,4.1
786,0,4.5
787,0,4.1
788,0,3.8
789,41,4.4
790,63,4.6
791,19,3.8
792,56,4.4
793,11,4.1
794,14,4.6
795,10,4.7
796,8,4.6
797,54,3.9
798,8,4.3
799,24,4.3
800,4,4.2
801,43,5
802,11,4.8
803,38,4.7
804,5,4.6
805,69,4.9
806,12,4.7
807,45,4
808,27,4.2
809,74,3.8
810,6,3.9
811,17,4.7
812,7,4.6
813,1,4.5
814,1,4.2
815,3,4.2
816,1,4.9
817,6,4.3
818,3,4
819,38,4.8
820,6,4
821,3,4.3
822,37,4.3
823,4,4.4
824,9,4.2
825,6,3.8
826,351,3.8
827,138,3.3
828,70,4.9
829,86,4.6
830,192,3.8
831,183,3.6
832,60,4.7
833,144,4.1
834,6,5
835,109,4.2
836,5,3.9
837,5,4.7
838,48,4.9
839,10,4
840,102,3.3
841,11,4.1
842,11,3.9
843,71,4.4
844,4,4.2
845,24,4.6
846,8,4.8
847,2,4.9
848,4,4.1
849,6,4.8
850,4,4.2
851,3,4.6
852,3,4.5
853,1,4.9
854,1,4.6
855,5,4.8
856,5,4.2
857,5,4.3
858,6,4.5
859,23,4.2
860,12,4.8
861,17,3.8
862,12,4
863,13,3.8
864,90,4.3
865,8,4.3
866,120,3.6
867,6,4.4
868,10,4.2
869,0,4.9
870,14,4.1
871,16,4.6
872,2,4.4
873,4,4.3
874,33,3.9
875,43,4.8
876,4,4.6
877,1,4.8
878,0,3.9
879,1,4.6
880,1,4.6
881,1,4.6
882,1,4
883,4,4
884,0,3.9
885,0,4.8
886,0,4.8
887,0,4.3
888,0,4.7
889,0,3.9
890,0,4
891,0,3.9
892,0,4.8
893,0,4.2
894,0,4.4
895,0,3.8
896,25,4.7
897,20,4.3
898,10,4.5
899,0,4.1
900,25,4.8
901,18,4.1
902,12,4.1
903,41,4.5
904,21,4.3
905,13,4.8
906,25,4.1
907,50,4
908,11,4.2
909,17,4.5
910,7,3.8
911,5,4.8
912,13,5
913,5,4.3
914,10,4.4
915,18,4.6
916,17,4.7
917,16,4.6
918,5,3.9
919,3,4.5
920,0,4
921,0,4.8
922,0,4.3
923,0,4
924,0,4.3
925,1,4.2
926,1,4.5
927,1,4
928,2,3.8
929,0,4.7
930,0,4.8
931,0,4.8
932,2,4.2
933,6,3.9
934,2,4.7
935,13,4.2
936,3,4.5
937,2,4.8
938,2,4.8
939,4,4.3
940,2,4.8
941,2,4.1
942,2,4.1
943,111,4.6
944,28,4.5
945,15,4.6
946,43,4.9
947,6,4.9
948,6,4.7
949,6,4.9
950,5,4.1
951,7,4.6
952,20,4.3
953,17,4
954,13,4.5
955,19,4.9
956,13,4.5
957,4,4
958,3,4.4
959,3,4.4
960,3,4.8
961,9,4.3
962,15,4.3
963,7,4.9
964,5,4.5
965,6,4.3
966,42,4.7
967,19,4.2
968,7,4.3
969,12,4
970,1,4.6
971,24,4.1
972,7,4.2
973,20,3.8
974,16,4
975,3,4.5
976,2,4.8
977,5,4.7
978,76,4.4
979,2,4
980,4,3.8
981,6,4.3
982,2,4.7
983,4,4.4
984,1,4.2
985,0,4.6
986,4,4.5
987,2,4.3
988,3,4
989,6,4.6
990,2,4.9
991,7,4.8
992,7,4.7
993,16,3.9
994,4,4.5
995,2,4.2
996,9,5
997,18,4.2
998,16,4.7
999,3,4.5
1000,11,4.9
1001,35,3.9
1002,14,4.8
1003,1,3.8
1004,0,4.9
1005,0,4.1
1006,0,4.4
1007,22,4.1
1008,2,4
1009,1,4.8
1010,0,4.2
1011,0,4.9
1012,1,4.2
1013,1,4.9
1014,0,4
1015,0,5
1016,0,5
1017,0,4.2
1018,1,5
1019,0,4.5
1020,0,4.7
1021,0,4.5
1022,0,4.5
1023,1,4.5
1024,0,4.9
1025,0,4.9
1026,1,3.8
1027,39,4.6
1028,14,4.1
1029,19,4.6
1030,16,4.4
1031,22,4
1032,36,4.1
1033,5,4.4
1034,41,3.8
1035,6,4.3
1036,210,3.7
1037,13,4
1038,200,3.5
1039,5,3.8
1040,0,4.1
1041,6,4.4
1042,5,3.9
1043,2,4.1
1044,3,3.8
1045,1,3.9
1046,5,4
1047,2,4.7
1048,3,3.8
1049,2,4.1
1050,1,4.3
1051,49,4
1052,135,3.7
1053,547,4.7
1054,230,4.4
1055,109,3.7
1056,145,3.2
1057,37,3.8
1058,47,4.1
1059,40,4
1060,51,4.1
1061,94,4.2
1062,23,4.1
1063,1,4.2
1064,3,4.8
1065,3,4.7
1066,2,4
1067,0,4.1
1068,1,4.1
1069,0,4.5
1070,0,4.3
1071,2,4.7
1072,1,3.8
1073,3,4.6
1074,1,4.8
1075,0,4.6
1076,0,4
1077,0,4.5
1078,0,4
1079,4,4.1
1080,1,4.4
1081,1,4.3
1082,2,4.8
1083,2,4.1
1084,0,4.2
1085,0,4.1
1086,0,4
1087,9,3.9
1088,16,4.2
1089,6,3.8
1090,11,4.8
1091,3,4.9
1092,306,4.1
1093,11,4.1
1094,4,4.5
1095,5,4.3
1096,2,4.1
1097,96,4.6
1098,3,4.2
1099,0,4.6
1100,0,4.1
1101,0,3.9
1102,0,3.9
1103,50,4.2
1104,0,4.4
1105,7,4
1106,3,4
1107,9,4.2
1108,0,4.2
1109,296,4
1110,819,4.4
1111,10,4.4
1112,48,4.6
1113,29,3.8
1114,1,5
1115,7,4.8
1116,40,4.9
1117,19,4.4
1118,52,4.9
1119,24,4.5
1120,28,4
1121,32,3.9
1122,19,4.9
1123,15,3.9
1124,92,4.9
1125,14,4.5
1126,142,3.6
1127,128,4.2
1128,19,4.8
1129,11,4
1130,71,4.2
1131,14,4.5
1132,8,5
1133,17,4.8
1134,5,4.2
1135,1,3.9
1136,8,4.1
1137,10,3.9
1138,3,4.8
1139,8,4.5
1140,17,4
1141,10,4.6
1142,1,5
1143,4,5
1144,7,4.7
1145,5,4.8
1146,14,4.8
1147,13,3.9
1148,62,4
1149,21,4.9
1150,78,4
1151,3,4.1
1152,25,4.4
1153,45,4.2
1154,16,5
1155,54,3.9
1156,22,4.1
1157,36,4
1158,4,4.8
1159,1,4
1160,5,4.1
1161,3,4.9
1162,8,4
1163,14,5
1164,7,4.4
1165,6,4
1166,8,4.7
1167,5,4.2
1168,4,4
1169,5,3.9
1170,22,4.2
1171,46,4.2
1172,31,3.9
1173,39,4
1174,37,3.8
1175,3,3.9
1176,60,4.9
1177,122,4
1178,28,4
1179,12,4.2
1180,7,4.3
1181,77,4.2
1182,46,3.9
1183,45,4.2
1184,22,3.9
1185,3,4
1186,3,4.2
1187,44,4.9
1188,30,4.9
1189,0,4.6
1190,3,3.9
1191,23,3.8
1192,21,4.1
1193,46,4
1194,8,3.8
1195,240,3.2
1196,50,4.3
1197,40,4.3
1198,44,4.1
1199,337,4.5
1200,15,4.4
1201,104,3.9
1202,424,4.1
1203,427,4.3
1204,182,4
1205,124,3.8
1206,11,4.4
1207,24,4.9
1208,6,4.4
1209,0,4.1
1210,1740,3.9
1211,2379,4.5
1212,447,3.5
1213,737,3.6
1214,754,3.2
1215,1629,4.3
1216,650,4.3
1217,479,3.7
1218,175,3.6
1219,382,4.1
1220,202,3.3
1221,102,4.4
1222,5,3.9
1223,5,4.7
1224,3,4
1225,6,4.9
1226,10,4.5
1227,76,4.5
1228,2,4.3
1229,21,4.1
1230,7,4.4
1231,50,4.7
1232,24,4.9
1233,24,4.9
1234,0,4.6
1235,0,4.9
1236,0,5
1237,0,3.9
1238,0,4.5
1239,0,3.9
1240,0,4.1
1241,0,4.9
1242,2,4.5
1243,26,4.3
1244,42,4.1
1245,21,4.6
1246,28,4.1
1247,95,4.5
1248,26,4.8
1249,39,4.9
1250,18,4.6
1251,122,4.6
1252,329,3.8
1253,17,4.6
1254,40,4
1255,311,3.5
1256,30,4.1
1257,205,3.4
1258,437,3.5
1259,466,4.7
1260,470,3.4
1261,10,3.8
1262,85,4.3
1263,99,4.7
1264,2,4.1
1265,18,4.7
1266,193,3.9
1267,220,3.6
1268,39,4.3
1269,3,4.9
1270,11,4.3
1271,11,4.6
1272,5,4.3
1273,57,4
1274,10,4.2
1275,39,4.2
1276,16,4.5
1277,20,4.3
1278,28,4.7
1279,63,4.5
1280,27,3.8
1281,54,4.2
1282,6,4.9
1283,109,4.5
1284,197,4
1285,41,4
1286,1041,4.2
1287,103,4.5
1288,12,4.9
1289,52,4
1290,20,4.5
1291,172,4
1292,16,5
1293,30,4.9
1294,92,4.3
1295,12,4.3
1296,88,4.2
1297,50,4
1298,245,3.9
1299,1,4.3
1300,25,4.1
1301,10,4.9
1302,31,4
1303,68,4.9
1304,15,3.8
1305,29,4.6
1306,8,4.7
1307,15,4.2
1308,16,4.3
1309,10,4.8
1310,11,3.8
1311,30,4.1
1312,42,4.9
1313,14,4.9
1314,15,4.1
1315,3,3.8
1316,11,4.3
1317,21,3.8
1318,5,4.6
1319,1,4.7
1320,3,3.8
1321,3,4.9
1322,9,4.8
1323,1,4.6
1324,2,5
1325,3,4.5
1326,1,4.8
1327,2,3.8
1328,1,4
1329,1,4
1330,49,4
1331,6,4.4
1332,3,4.5
1333,13,3.9
1334,10,4.1
1335,10,5
1336,14,4.4
1337,68,4
1338,5,4.6
1339,53,4.4
1340,0,4
1341,4,4.3
1342,40,4.2
1343,34,4.1
1344,8,4.2
1345,12,4.5
1346,13,4.1
1347,3,4
1348,8,3.8
1349,6,4.3
1350,25,4.5
1351,27,4
1352,12,4.5
1353,3,4.4
1354,158,4.2
1355,11,4.2
1356,29,4.7
1357,53,4.2
1358,20,3.9
1359,9,4.1
1360,29,4.3
1361,11,4.2
1362,5,4.4
1363,57,4.2
1364,203,4.3
1365,35,4.1
1366,24,4.6
1367,423,3.6
1368,26,4.1
1369,470,4.7
1370,58,4.1
1371,30,4.6
1372,61,4.5
1373,74,4.2
1374,49,4
1375,121,3.8
1376,38,4.4
1377,49,3.9
1378,6,4.6
1379,143,3.5
1380,5,3.9
1381,7,4.2
1382,654,4.1
1383,120,4.2
1384,15,4.1
1385,0,4.5
1386,15,4.7
1387,11,4.3
1388,46,4
1389,27,3.9
1390,1563,4.7
1391,61,3.9
1392,52,3.9
1393,8,4.4
1394,125,4.4
1395,143,4.4
1396,24,4.3
1397,0,4.6
1398,20,4.6
1399,6,4.8
1400,44,4.3
1401,26,4.4
1402,30,4.9
1403,21,4
1404,25,5
1405,51,4.7
1406,13,4.3
1407,8,4.7
1408,115,4
1409,2215,3.6
1410,62,4.2
1411,24,4.3
1412,28,4.5
1413,68,5
1414,4,4.9
1415,2,3.8
1416,0,4.9
1417,3,4
1418,190,3.5
1419,198,4.5
1420,108,4.1
1421,9,4.8
1422,42,5
1423,6,4.4
1424,96,3.9
1425,27,3.9
1426,24,4.3
1427,10,4.9
1428,2,4.2
1429,7,4.1
1430,11,4.3
1431,6,4
1432,28,4.7
1433,8,4.4
1434,5,4.5
1435,3,4.9
1436,16,4.6
1437,2,4.3
1438,30,4.9
1439,8,4.6
1440,12,4.8
1441,25,4.4
1442,17,4.5
1443,15,4.1
1444,10,4.9
1445,10,3.8
1446,42,4.2
1447,8,4.7
1448,2,4
1449,13,4.5
1450,162,4
1451,17,4.1
1452,9,4.4
1453,23,4.4
1454,5,4.2
1455,37,4.6
1456,48,4.3
1457,31,4.5
1458,576,3.3
1459,57,3.9
1460,49,4.1
1461,1779,4.5
1462,3,4.4
1463,0,4.3
1464,0,4.1
1465,0,5
1466,0,4.9
1467,0,4.8
1468,0,4.6
1469,0,4.3
1470,0,4.7
1471,0,4.9
1472,0,4.9
1473,0,4.9
1474,1,4.3
1475,5,4.9
1476,1,5
1477,3,4.3
1478,3,3.9
1479,4,4.4
1480,0,4.8
1481,0,4.7
1482,1,4.1
1483,0,4.8
1484,0,4.5
1485,1,4.7
1486,12,4.5
1487,26,5
1488,2,4.8
1489,15,4.6
1490,95,4
1491,26,4
1492,29,4.2
1493,40,3.9
1494,11,4.6
1495,117,3.3
1496,38,4.8
1497,17,4.5
1498,10,4.6
1499,33,4.8
1500,43,4.7
1501,49,4.5
1502,18,5
1503,4,5
1504,2,3.9
1505,10,4.8
1506,79,4.4
1507,9,4.1
1508,24,4
1509,40,4.1
1510,2,4.8
1511,1,4.4
1512,1,4.4
1513,1,4.7
1514,1,4.1
1515,14,4.4
1516,2,4.9
1517,2,4.1
1518,14,4.2
1519,0,5
1520,4,4.7
1521,4,4.2
1522,145,3.2
1523,128,4.1
1524,100,4.5
1525,21,4.2
1526,35,4
1527,38,4.5
1528,57,4.6
1529,15,4.2
1530,86,4.2
1531,481,4.5
1532,10,4.3
1533,25,4.1
1534,11,4.9
1535,11,4.6
1536,7,4.3
1537,9,4.4
1538,11,4.8
1539,4,4.2
1540,10,4.4
1541,10,3.9
1542,2,4.5
1543,8,4.4
1544,5,4.2
1545,3,4.5
1546,0,4.2
1547,1,4.9
1548,0,5
1549,0,4.1
1550,0,5
1551,0,4.8
1552,0,4.1
1553,1,4.8
1554,0,4.9
1555,0,4.6
1556,1,4.4
1557,1,4.9
1558,0,3.8
1559,0,4.5
1560,0,4.8
1561,0,4
1562,1,4.8
1563,0,4.6
1564,0,4.9
1565,0,4.7
1566,0,4.8
1567,0,3.9
1568,0,4.8
1569,0,4.7
1570,176,4.6
1571,11,4.1
1572,5,4.2
1573,109,4.7
1574,19,4.4
1575,28,4.5
1576,55,4.4
1577,27,4.4
1578,4,4.1
1579,46,4
1580,18,4.8
1581,17,4.4
1582,13,5
1583,13,4.5
1584,15,4.3
1585,0,3.9
1586,3,4.7
1587,5,4.1
1588,18,4.2
1589,6,3.9
1590,9,4.5
1591,27,4.5
1592,0,4.7
1593,5,4.7
1594,0,4.9
1595,0,4
1596,0,4.3
1597,0,4.3
1598,2,4.7
1599,0,4.7
1600,0,4
1601,0,3.9
1602,0,4.1
1603,0,4.7
1604,0,4.1
1605,0,4.8
1606,9,5
1607,20,5
1608,2,4.8
1609,23,4.2
1610,7,4.3
1611,16,4.5
1612,1,3.9
1613,23,4.3
1614,15,4.8
1615,12,4.7
1616,12,4.6
1617,5,4.1
1618,0,4.5
1619,0,4.2
1620,0,4.1
1621,0,4.8
1622,0,3.8
1623,0,4.3
1624,0,4.4
1625,0,4.9
1626,92,4.9
1627,45,4.7
1628,183,4.5
1629,25,4.1
1630,7,4.4
1631,24,4.6
1632,19,4.7
1633,5,3.9
1634,69,4.7
1635,388,3.5
1636,53,3.8
1637,18,4.6
1638,345,3.3
1639,39,3.9
1640,522,4.3
1641,8,4.8
1642,0,4.7
1643,0,4
1644,2,4.4
1645,0,4.3
1646,3,4.8
1647,0,4.6
1648,2,3.9
1649,0,4.9
1650,2,4.5
1651,0,4.4
1652,0,4.7
1653,0,4.3
1654,72,4.2
1655,43,4.1
1656,38,4.6
1657,20,3.9
1658,136,3.7
1659,24,4.4
1660,44,3.9
1661,20,4.7
1662,19,4.7
1663,155,3.3
1664,3,4.2
1665,1,4.7
1666,10,4
1667,2,4.7
1668,10,4.4
1669,6,4.2
1670,3,4.9
1671,1,4.9
1672,5,4.7
1673,9,4.2
1674,3,4.6
1675,57,4.9
1676,9,4.4
1677,1,4
1678,6,4.1
1679,7,4.1
1680,10,3.9
1681,5,4
1682,1,3.8
1683,31,4.9
1684,11,4.9
1685,6,4.6
1686,6,3.9
1687,4,3.8
1688,2,3.9
1689,8,4.2
1690,3,4.1
1691,5,4.2
1692,14,4.7
1693,2,3.9
1694,6,4.6
1695,10,4.5
1696,2,4.5
1697,8,4.8
1698,9,4
1699,13,3.9
1700,2,4.7
1701,1,4.8
1702,14,4.4
1703,1,4
1704,7,4.9
1705,26,4.9
1706,44,4.8
1707,99,4.9
1708,131,4.1
1709,25,4.7
1710,74,4.2
1711,35,4
1712,2,4.2
1713,29,4.6
1714,3,4.3
1715,7,4.5
1716,0,4.6
1717,1,4.3
1718,0,4.5
1719,1,4.5
1720,1,4.3
1721,3,4.4
1722,4,4.9
1723,3,4.8
1724,1,4.4
1725,4,4.4
1726,32,4
1727,5,4.7
1728,13,4.5
1729,36,3.9
1730,15,4.6
1731,121,3.7
1732,18,5
1733,6,4.1
1734,5,3.9
1735,3,4.8
1736,9,4.2
1737,5,4.8
1738,2,4.8
1739,2,4.7
1740,2,4.6
1741,6,4.8
1742,3,3.9
1743,4,4
1744,5,4.4
1745,4,5
1746,3,4.9
1747,3,4.4
1748,3,4.6
1749,8,4.5
1750,11,4.1
1751,13,4.1
1752,5,4.4
1753,8,4.8
1754,22,4.7
1755,35,4.9
1756,4,4.1
1757,25,4.8
1758,4,4.7
1759,9,4.2
1760,9,4.5
1761,3,5
1762,4,4.4
1763,5,4.8
1764,5,4.2
1765,5,3.9
1766,2,3.9
1767,2,4.7
1768,3,5
1769,0,4.6
1770,3,4.9
1771,0,4.6
1772,0,4.3
1773,0,4.3
1774,5,4.6
1775,3,4.7
1776,9,4.3
1777,7,4.1
1778,3,4.5
1779,1,4.2
1780,6,4.8
1781,2,4.1
1782,0,4.1
1783,1,5
1784,5,3.8
1785,1,4.5
1786,14,4.3
1787,7,4.1
1788,3,4.6
1789,9,5
1790,3,4.1
1791,4,4.9
1792,3,4.4
1793,5,4.4
1794,2,3.9
1795,8,4.4
1796,4,4.4
1797,10,5
1798,193,4.6
1799,11,3.8
1800,4,4.5
1801,11,4
1802,4,4.4
1803,6,4.2
1804,29,4.7
1805,10,4.8
1806,66,4.2
1807,52,4.1
1808,30,4.7
1809,10,4.6
1810,5,4.7
1811,5,4.1
1812,11,4.8
1813,12,4.9
1814,7,3.9
1815,20,5
1816,14,4.6
1817,13,4.9
1818,18,4.2
1819,21,5
1820,24,5
1821,21,4.4
1822,10,4
1823,12,4.4
1824,12,4.3
1825,39,3.9
1826,27,4.3
1827,5,4.5
1828,8,4.7
1829,9,4.6
1830,21,4.9
1831,9,4.6
1832,47,4.4
1833,12,4.3
1834,21,4.6
1835,16,4.8
1836,116,4
1837,3,3.9
1838,58,4.3
1839,157,3.6
1840,93,4.7
1841,15,3.8
1842,11,4.5
1843,11,4.2
1844,8,4
1845,57,4.8
1846,7,3.9
1847,6,4.4
1848,44,4.9
1849,6,3.9
1850,22,3.8
1851,43,4.6
1852,158,3.7
1853,19,4.8
1854,17,5
1855,7,4
1856,6,4.8
1857,10,4.4
1858,6,4.8
1859,4,4.7
1860,4,4.2
1861,8,4.5
1862,24,3.8
1863,7,4.5
1864,4,4.9
1865,30,4.6
1866,7,4.8
1867,15,4.4
1868,20,4.8
1869,4,4
1870,18,4.6
1871,18,4.3
1872,39,4.6
1873,8,4.1
1874,2,4.2
1875,20,4.4
1876,4,4.4
1877,13,4.1
1878,27,4
1879,14,4.9
1880,11,4.1
1881,9,4.6
1882,4,4.3
1883,41,4.3
1884,14,3.9
1885,6,4.2
1886,7,4.1
1887,5,4.3
1888,37,4.1
1889,19,4.7
1890,8,4.2
1891,8,3.9
1892,5,4.3
1893,357,4.6
1894,29,4.8
1895,19,4.5
1896,1042,4.2
1897,64,4.6
1898,29,4.6
1899,8,4.9
1900,34,4.1
1901,224,4.4
1902,82,4.6
1903,31,4.2
1904,38,4.3
1905,35,4.7
1906,11,4.8
1907,38,4.8
1908,15,3.9
1909,27,4.5
1910,12,4.7
1911,34,4.4
1912,31,4.6
1913,49,4.9
1914,46,4.6
1915,113,3.7
1916,21,4.6
1917,18,3.9
1918,308,4.2
1919,40,4.6
1920,9,4.1
1921,17,3.8
1922,1,4.7
1923,772,4.1
1924,52,4.8
1925,10,4.8
1926,4,4.3
1927,4,4.9
1928,9,4.4
1929,1,4.2
1930,28,4.7
1931,26,3.9
1932,3,4.6
1933,21,4.1
1934,5,3.8
1935,107,4
1936,9,4.6
1937,11,3.8
1938,8,4.5
1939,15,4.1
1940,3,4.7
1941,10,4.9
1942,11,4
1943,2,4
1944,6,4.2
1945,3,4
1946,28,3.9
1947,44,4.9
1948,40,4.3
1949,5,3.9
1950,331,3.8
1951,129,4.2
1952,71,4.5
1953,20,4.6
1954,18,4.3
1955,8,4.4
1956,5,4.3
1957,39,4.4
1958,15,4
1959,78,3.9
1960,30,3.8
1961,10,4.7
1962,39,4.3
1963,26,5
1964,13,4.3
1965,39,4.1
1966,38,4.6
1967,183,4.1
1968,398,3.7
1969,125,3.9
1970,79,4.3
1971,17,3.9
1972,4,4.4
1973,65,4.3
1974,88,3.8
1975,26,4.1
1976,410,3.5
1977,0,4.6
1978,6,4.4
1979,7676,3.3
1980,1340,3.9
1981,375,3.3
1982,2713,3.6
1983,2257,4.7
1984,159,3.3
1985,128,4.4
1986,718,3.9
1987,665,4
1988,79,4.2
1989,260,3.8
1990,33,4.9
1991,52,4
1992,13,4.5
1993,18,4.4
1994,1,4
1995,12,4.4
1996,3,4.5
1997,89,4.5
1998,6,4.7
1999,252,3.3
2000,37,4.6
2001,8,4.6
2002,8,3.9
2003,2,4.2
2004,1141,3.7
2005,3,3.9
2006,8,4.1
2007,15,4
2008,26,4.4
2009,5,4.9
2010,2,4.6
2011,10,4.5
2012,16,4.3
2013,34,4.1
2014,10,4.1
2015,3,4.6
2016,10,4.9
2017,2,4.3
2018,11,4.2
2019,101,4.1
2020,177,4
2021,1,4.4
2022,55,3.9
2023,173,4.5
2024,14,4.3
2025,20,4.4
2026,72,4.9
2027,26,4.1
2028,35,4.6
2029,4,4.6
2030,6,4.2
2031,3,4.4
2032,16,4.8
2033,19,5
2034,3,4.3
2035,54,4
2036,68,4.1
2037,21,4
2038,38,4.7
2039,276,4
2040,11,4.7
2041,175,3.5
2042,41,4
2043,192,3.5
2044,10,4.3
2045,136,4.1
2046,29,4.9
2047,107,4.1
2048,3,3.8
2049,2,4.1
2050,2,4.2
2051,2,4.3
2052,5,4.4
2053,45,4.2
2054,6,4.8
2055,4,4.2
2056,2,4.6
2057,7,4.5
2058,2,4.6
2059,4,4.9
2060,1,4.7
2061,4,4
2062,109,4.1
2063,25,3.9
2064,26,4.2
2065,15,5
2066,88,5
2067,136,4.2
2068,10,3.8
2069,6,4.2
2070,27,4.4
2071,4,5
2072,7,3.9
2073,9,4.5
2074,25,3.8
2075,33,4.4
2076,11,4.3
2077,4,4.2
2078,5,4.3
2079,35,4
2080,4,4.7
2081,2,4
2082,5,4.1
2083,28,4
2084,2,4.6
2085,3,4.6
2086,23,4
2087,4,4.3
2088,2,4.4
2089,0,4.4
2090,2,4.5
2091,2,4.6
2092,2,4.2
2093,1,4.4
2094,1,4.4
2095,1,4.5
2096,6,4.4
2097,1,4.2
2098,3,4.9
2099,4,4.4
2100,3,4
2101,1,4.4
2102,2,4.3
2103,2,4.2
2104,3,4.1
2105,2,4.6
2106,2,4.2
2107,1,4.7
2108,0,4.4
2109,0,4.2
2110,0,4.3
2111,0,4.5
2112,0,4.9
2113,0,3.9
2114,0,4.2
2115,0,4.8
2116,0,4.1
2117,0,4
2118,0,4
2119,0,3.9
2120,3,4.7
2121,2,4.2
2122,3,4.6
2123,6,4.7
2124,3,4.7
2125,64,4.1
2126,5,4.8
2127,7,4.8
2128,7,4.5
2129,4,4.9
2130,4,4.5
2131,12,5
2132,3,4
2133,3,4.8
2134,1,3.9
2135,1,4.9
2136,1,4.6
2137,1,4.1
2138,2,4.4
2139,0,4
2140,0,4
2141,2,4.3
2142,2,4.2
2143,0,4
2144,9,5
2145,8,3.9
2146,4,4
2147,10,3.8
2148,11,4.6
2149,17,4.6
2150,2,4.2
2151,3,4.1
2152,5,4.6
2153,7,4.7
2154,7,4.2
2155,6,4.9
2156,9,4.1
2157,0,4
2158,18,4.8
2159,6,4.4
2160,10,3.9
2161,5,4.6
2162,4,4.2
2163,5,4.5
2164,14,4.6
2165,3,4.1
2166,15,4.8
2167,8,4
2168,3,4.7
2169,5,4.6
2170,3,4.9
2171,33,4.8
2172,7,4.3
2173,3,4.5
2174,4,4.6
2175,15,4.7
2176,4,4.1
2177,161,3.4
2178,9,4.7
2179,22,4.8
2180,32,4.7
2181,263,4
2182,23,4.6
2183,42,4.1
2184,109,3.9
2185,4,4.6
2186,17,4
2187,12,4.1
2188,26,4.1
2189,5,4
2190,4,4
2191,1,4.2
2192,7,4.3
2193,6,4.5
2194,9,4.2
2195,5,4.3
2196,2,3.9
2197,4,4.9
2198,4,4.6
2199,6,4.8
2200,11,4.2
2201,3,4.1
2202,1,3.9
2203,2,4.5
2204,2,4.3
2205,4,4.4
2206,2,4.6
2207,1,3.9
2208,2,4.2
2209,1,4.4
2210,2,4.4
2211,1,4.2
2212,3,4.3
2213,1,4.3
2214,2,4.1
2215,2,4.5
2216,6,3.9
2217,7,4.1
2218,1,4.4
2219,3,4.5
2220,3,4.3
2221,30,4.5
2222,1,4.5
2223,1,4.9
2224,1,4.9
2225,1,4.5
2226,2,4
2227,1,4.1
2228,1,4.4
2229,2,4.2
2230,0,4
2231,4,4.2
2232,3,4.5
2233,3,4.2
2234,1,5
2235,2,4.3
2236,0,4.2
2237,1,4.9
2238,3,5
2239,7,4
2240,1,4.6
2241,3,4.3
2242,3,4.8
2243,3,4.3
2244,5,4.4
2245,2,4.7
2246,6,3.9
2247,1,4.4
2248,4,5
2249,2,4.4
2250,1,4.5
2251,1,4.2
2252,0,4.4
2253,0,4.3
2254,0,4.4
2255,0,3.9
2256,1,4.1
2257,0,4.6
2258,0,4.8
2259,0,4.9
2260,1,3.9
2261,0,4.4
2262,1,4.4
2263,0,3.9
2264,1,4.4
2265,1,4.7
2266,0,4.4
2267,1,4.8
2268,1,4.1
2269,0,4.8
2270,0,5
2271,3,4
2272,0,4.7
2273,0,4.9
2274,4,4.1
2275,11,4.4
2276,4,4.6
2277,3,4.4
2278,3,3.9
2279,2,4.7
2280,6,4.7
2281,8,3.9
2282,5,4.6
2283,7,4.8
2284,2,3.9
2285,7,4.4
2286,7,4.3
2287,3,4.2
2288,5,4.4
2289,3,4.2
2290,1,4.4
2291,5,3.9
2292,4,4.5
2293,8,4.7
2294,2,4.9
2295,3,4.4
2296,4,4.9
2297,1,4.7
2298,9,3.8
2299,7,3.9
2300,3,4.3
2301,6,4.5
2302,6,4.6
2303,5,4.6
2304,23,4.2
2305,16,4.6
2306,18,4.1
2307,3,4.3
2308,3,4.7
2309,8,4.5
2310,8,4.7
2311,8,4.8
2312,9,4.3
2313,4,4.6
2314,6,4.9
2315,8,4.4
2316,4,4.5
2317,2,3.9
2318,5,4.4
2319,8,4.7
2320,0,4.1
2321,4,5
2322,2,4.5
2323,7,4
2324,1,4
2325,2,4.1
2326,4,3.9
2327,4,4.2
2328,3,3.9
2329,1,4.8
2330,8,4.7
2331,2,4.4
2332,6,4.7
2333,3,3.9
2334,3,4.3
2335,3,4.6
2336,2,4.2
2337,4,4.1
2338,4,4.7
2339,4,4.7
2340,2,4.4
2341,6,4
2342,1,5
2343,12,3.8
2344,1,4.1
2345,7,4.1
2346,3,4.6
2347,3,4.4
2348,4,4.4
2349,1,4.7
2350,0,4
2351,5,4.2
2352,2,5
2353,1,4.1
2354,3,4.6
2355,1,3.8
2356,8,3.9
2357,3,4.9
2358,0,4.4
2359,0,5
2360,0,4.1
2361,0,4.7
2362,0,4.9
2363,0,3.9
2364,0,4.8
2365,0,4.7
2366,0,4.9
2367,0,4
2368,1,4.5
2369,0,4.3
2370,0,4.8
2371,2,4.2
2372,0,4.1
2373,0,4.8
2374,1,4.4
2375,1,5
2376,1,4.6
2377,1,4.4
2378,1,4.8
2379,1,4.7
2380,0,4
2381,1,4.9
2382,0,4.2
2383,0,4.8
2384,0,4.5
2385,0,4.7
2386,0,4.7
2387,0,4
2388,0,4.4
2389,0,4.6
2390,0,4.1
2391,1,4.2
2392,1,4.6
2393,0,4
2394,1,4.7
2395,1,4.7
2396,0,4.8
2397,0,4.2
2398,0,4
2399,0,4.9
2400,0,4.4
2401,0,3.8
2402,0,4.9
2403,0,4.2
2404,0,4.4
2405,0,4.9
2406,2,4.7
2407,12,3.9
2408,11,4.4
2409,25,4
2410,47,4.9
2411,3,3.8
2412,6,4
2413,20,4
2414,13,4.3
2415,13,3.8
2416,3,4
2417,3,3.9
2418,0,5
2419,14,4.1
2420,29,4.2
2421,1,4.3
2422,0,4.1
2423,28,4.9
2424,26,4.2
2425,12,4.4
2426,30,4.2
2427,1,4.3
2428,9,3.8
2429,1,4.1
2430,1,4.8
2431,1,4.8
2432,3,3.8
2433,4,4.2
2434,3,4.8
2435,2,4.1
2436,1,4.9
2437,1,4.6
2438,1,5
2439,1,4.7
2440,5,4.4
2441,0,4.1
2442,2,3.9
2443,2,5
2444,2,4.6
2445,2,4.8
2446,11,4.4
2447,3,4
2448,2,4.3
2449,5,4
2450,6,4
2451,21,4.2
2452,2,4.6
2453,11,5
2454,51,4.9
2455,17,4.6
2456,6,4.1
2457,4,5
2458,7,4.4
2459,19,4
2460,10,4.9
2461,21,4.4
2462,25,4.2
2463,9,4.1
2464,12,3.8
2465,3,4.6
2466,1,4.9
2467,0,4.8
2468,0,4.1
2469,0,3.9
2470,0,4.5
2471,0,4.8
2472,2,3.8
2473,0,4.3
2474,0,4.5
2475,0,3.8
2476,0,4.9
2477,0,4
2478,525,4.4
2479,285,3.3
2480,529,4.6
2481,206,3.7
2482,490,4.5
2483,202,4.3
2484,112,4.4
2485,359,4.2
2486,178,4.3
2487,210,3.9
2488,540,3.4
2489,351,3.6
2490,167,3.4
2491,253,3.4
2492,220,3.9
2493,106,4
2494,333,4.5
2495,147,3.4
2496,94,4.3
2497,217,3.8
2498,317,4.7
2499,218,4.2
2500,110,4.1
2501,131,3.9
2502,848,3.3
2503,506,4.1
2504,1017,4.6
2505,655,3.8
2506,820,4.3
2507,662,3.5
2508,1445,4.2
2509,1981,3.3
2510,104,4.5
2511,1358,4.1
2512,1304,3.3
2513,418,3.6
2514,73,4.9
2515,38,4.5
2516,52,4.1
2517,56,4.3
2518,59,4.8
2519,35,4.2
2520,21,4.7
2521,41,4.5
2522,200,3.4
2523,83,4.6
2524,324,3.7
2525,13,4.2
2526,41,4.9
2527,401,3.9
2528,198,3.5
2529,368,3.8
2530,137,4.2
2531,142,3.5
2532,116,4.1
2533,333,3.9
2534,193,3.7
2535,277,3.9
2536,220,4.1
2537,111,3.2
2538,223,3.2
2539,46,5
2540,340,4.2
2541,6,4.8
2542,76,4.2
2543,201,3.6
2544,75,4.2
2545,43,3.9
2546,53,4.2
2547,49,4.5
2548,31,4
2549,237,3.8
2550,783,4.6
2551,121,4.5
2552,312,4.3
2553,268,4.6
2554,117,4.7
2555,215,3.6
2556,212,4.5
2557,674,3.5
2558,165,3.9
2559,680,4
2560,395,3.6
2561,525,4.6
2562,188,3.6
2563,414,3.4
2564,1111,3.5
2565,331,3.9
2566,941,4.2
2567,129,3.8
2568,72,4.7
2569,179,4.3
2570,799,4.3
2571,836,3.8
2572,453,4.6
2573,997,4.1
2574,232,3.4
2575,20,4.2
2576,1220,4.3
2577,411,3.6
2578,89,4.9
2579,110,3.7
2580,8,4.8
2581,13,4.1
2582,82,4
2583,43,4.3
2584,23,4.4
2585,64,4.2
2586,31,4.3
2587,80,4.3
2588,0,4
2589,6512,4.3
2590,21,4.2
2591,75,5
2592,4047,4.1
2593,16,4.6
2594,7,4.4
2595,16,3.9
2596,30,3.9
2597,139,4.2
2598,473,4.2
2599,79,4.7
2600,56,3.8
2601,111,4.4
2602,34,4.6
2603,110,3.3
2604,118,4.3
2605,46,4.7
2606,1097,4.2
2607,35,4.5
2608,57,4.2
2609,173,3.9
2610,31,4.4
2611,159,4.3
2612,359,4
2613,276,3.6
2614,253,3.8
2615,78,4.5
2616,216,3.5
2617,219,3.9
2618,105,4.2
2619,2685,4
2620,96,4
2621,423,4.1
2622,94,4.5
2623,142,3.5
2624,16,4.7
2625,212,3.9
2626,102,3.3
2627,5,4
2628,210,3.8
2629,43,4.2
2630,81,4.9
2631,35,4
2632,169,3.3
2633,69,4.2
2634,970,3.3
2635,570,4.1
2636,901,4
2637,876,4.3
2638,303,4.4
2639,129,4.6
2640,286,3.9
2641,302,3.5
2642,629,4.4
2643,292,4.3
2644,262,4.2
2645,0,4.1
2646,62,4.6
2647,125,4.6
2648,164,4.5
2649,1342,3.8
2650,314,4.6
2651,178,4.2
2652,114,3.2
2653,47,4
2654,978,3.3
2655,43,4.5
2656,30,4.6
2657,522,4.6
2658,44,4.1
2659,101,3.2
2660,159,3.7
2661,63,5
2662,874,4.3
2663,68,3.8
2664,88,4
2665,243,4.2
2666,24,4.4
2667,63,4.6
2668,27,4.6
2669,160,4.1
2670,147,4.4
2671,37,4
2672,147,3.5
2673,220,4.3
2674,129,3.4
2675,53,4.6
2676,118,4.5
2677,29,4.4
2678,50,5
2679,231,4.6
2680,306,3.6
2681,125,4.3
2682,17,4.2
2683,38,4.5
2684,80,4.6
2685,291,3.3
2686,4,4
2687,9,4.3
2688,185,4
2689,138,3.6
2690,22,4
2691,23,4.4
2692,8,4.7
2693,10,4.8
2694,1838,3.8
2695,330,3.3
2696,1548,3.3
2697,531,3.6
2698,622,3.8
2699,660,4
2700,1090,4.2
2701,2408,3.9
2702,1846,3.6
2703,497,4.1
2704,116,3.4
2705,214,4
2706,193,3.9
2707,117,3.4
2708,627,4.3
2709,105,3.3
2710,931,4.4
2711,383,3.5
2712,134,3.6
2713,26,4.4
2714,329,4.6
2715,401,4.6
2716,685,3.9
2717,466,3.4
2718,64,4.4
2719,43,5
2720,65,4.1
2721,26,3.9
2722,523,3.5
2723,11,4.5
2724,16,5
2725,120,3.8
2726,20,4.4
2727,63,4.5
2728,131,3.6
2729,12,3.8
2730,514,3.3
2731,589,4.4
2732,28,4
2733,237,4.6
2734,276,4.5
2735,26,4.8
2736,742,4.1
2737,471,4.7
2738,174,3.4
2739,22,4.8
2740,231,3.5
2741,144,4.3
2742,92,4.6
2743,136,4.2
2744,90,4.4
2745,213,4.5
2746,8,4.9
2747,16,4.6
2748,144,4.5
2749,30,4.4
2750,92,4.2
2751,9,3.9
2752,64,4.8
2753,185,3.3
2754,15,4
2755,61,4
2756,10,4.1
2757,15,4.3
2758,81,5
2759,4,4.3
2760,188,4.1
2761,212,4.6
2762,10,4.4
2763,60,4
2764,258,3.9
2765,24,4.8
2766,53,4.6
2767,38,4.4
2768,49,4.6
2769,28,4.6
2770,92,4.3
2771,48,3.9
2772,228,3.5
2773,20,4.3
2774,93,4.1
2775,39,4.3
2776,32,4.9
2777,129,3.3
2778,22,4.9
2779,1005,3.8
2780,27,4
2781,34,3.8
2782,2575,3.7
2783,5924,4.4
2784,5,4.7
2785,44,5
2786,33,4.8
2787,183,4.5
2788,69,4.3
2789,24,4.3
2790,22,4.5
2791,129,4.2
2792,10,4.2
2793,129,4.7
2794,138,3.4
2795,52,4.5
2796,6,4.1
2797,15,4.1
2798,47,4.6
2799,52,4
2800,14,4.8
2801,15,4
2802,415,4.3
2803,463,3.6
2804,482,3.3
2805,224,3.4
2806,1813,4.4
2807,34,4.4
2808,260,4.6
2809,99,4.9
2810,247,4.6
2811,380,4.4
2812,44,4.7
2813,210,3.6
2814,450,4.7
2815,43,3.9
2816,17,4.4
2817,17,4.2
2818,95,4.8
2819,1112,4.4
2820,99,3.9
2821,27,4.1
2822,126,4
2823,78,4.5
2824,26,4.5
2825,137,3.6
2826,21,4.2
2827,8629,3.7
2828,69,3.8
2829,441,4.7
2830,154,3.3
2831,105,4
2832,17,4.7
2833,7,4.6
2834,354,4.4
2835,74,4.4
2836,750,4
2837,20,4.6
2838,108,4.2
2839,71,4.8
2840,15,4.9
2841,47,4.6
2842,51,3.9
2843,115,4.1
2844,96,4.1
2845,73,4.7
2846,112,4.3
2847,52,4.1
2848,46,4.5
2849,292,4.6
2850,44,4.4
2851,110,3.7
2852,31,4.3
2853,37,4.6
2854,16,5
2855,1,4.2
2856,52,3.9
2857,6,4.5
2858,53,3.8
2859,38,4.8
2860,63,4.6
2861,4,5
2862,14,4.7
2863,33,4.6
2864,38,4.5
2865,20,4.7
2866,5,4.6
2867,7,4.7
2868,21,4.5
2869,4,4.8
2870,23,4.3
2871,34,4.9
2872,26,3.8
2873,20,4.7
2874,65,3.9
2875,33,4.2
2876,50,4.7
2877,11,5
2878,12,4.8
2879,5,5
2880,72,4.2
2881,46,5
2882,74,4.7
2883,42,4.2
2884,30,4.6
2885,95,4
2886,34,4.4
2887,11,3.9
2888,14,4.9
2889,40,4.9
2890,17,4.6
2891,107,4.4
2892,358,4.4
2893,37,3.8
2894,45,4
2895,19,3.8
2896,166,3.5
2897,6,4
2898,20,4.5
2899,49,4.5
2900,165,3.7
2901,78,4.5
2902,62,4.6
2903,18,4.9
2904,54,4.3
2905,69,3.9
2906,102,4.5
2907,5,4.3
2908,145,4.2
2909,439,4
2910,44,4
2911,33,4
2912,31,4.3
2913,165,4.6
2914,29,4.6
2915,30,4.6
2916,172,3.3
2917,278,3.8
2918,17,4.4
2919,126,4
2920,137,4.2
2921,99,4.9
2922,242,4.1
2923,16,4.4
2924,85,4.1
2925,9,4.1
2926,91,4.3
2927,32,4
2928,239,3.4
2929,55,4.7
2930,23,3.9
2931,10,4.8
2932,18,3.9
2933,110,4.5
2934,8,3.8
2935,9,4.4
2936,16,3.9
2937,10,4.1
2938,33,4.6
2939,393,3.8
2940,34,4.4
2941,28,4.4
2942,40,4.2
2943,17,4.7
2944,92,5
2945,54,3.9
2946,34,4.2
2947,90,4.1
2948,121,3.3
2949,245,4.1
2950,27,4.9
2951,62,4.2
2952,15,5
2953,37,3.9
2954,15,4.6
2955,57,5
2956,57,4.7
2957,36,4.9
2958,77,4.7
2959,261,3.6
2960,53,4.2
2961,68,4
2962,39,4.8
2963,96,4.9
2964,20,4.4
2965,415,3.3
2966,4,4.6
2967,989,4.1
2968,25,3.9
2969,84,4.8
2970,25,4.6
2971,133,3.5
2972,215,3.6
2973,15,5
2974,145,4.1
2975,9,4.7
2976,11,4.4
2977,39,3.9
2978,63,4.8
2979,28,4.7
2980,117,3.9
2981,18,4.6
2982,40,4.4
2983,111,4.6
2984,131,4.4
2985,195,4.5
2986,1106,3.8
2987,141,4.7
2988,84,4.6
2989,19,3.9
2990,8,3.9
2991,31,4.1
2992,22,4.2
2993,38,4.4
2994,249,4.2
2995,2,4.4
2996,15,3.9
2997,56,4.1
2998,28,4.8
2999,52,4.1
3000,36,3.8
3001,92,4.9
3002,95,4.3
3003,25,3.9
3004,52,4.7
3005,37,4.5
3006,76,4.7
3007,134,3.3
3008,53,4.9
3009,12,5
3010,171,3.4
3011,46,4.1
3012,302,3.2
3013,95,3.9
3014,102,3.4
3015,92,4.8
3016,39,5
3017,435,4.1
3018,94,4.2
3019,216,3.9
3020,119,4.7
3021,28,5
3022,154,3.2
3023,169,4.4
3024,239,3.9
3025,106,3.5
3026,162,3.2
3027,235,3.5
3028,285,3.3
3029,107,4.7
3030,45,4.7
3031,13,4.5
3032,279,4.1
3033,99,4.1
3034,12,4.5
3035,10,4.8
3036,72,3.8
3037,99,4.3
3038,4,4.4
3039,7,4.2
3040,97,4.2
3041,311,4.6
3042,92,4
3043,39,4.4
3044,12,4.6
3045,2,4.6
3046,24,4.1
3047,11,4.8
3048,33,3.9
3049,28,4.7
3050,22,4.5
3051,10,4.3
3052,6,4
3053,58,4.8
3054,90,4.5
3055,50,4.5
3056,31,3.8
3057,141,4
3058,29,4.6
3059,32,4.8
3060,89,4.6
3061,138,3.8
3062,87,4.2
3063,52,5
3064,318,3.8
3065,44,4.2
3066,115,3.3
3067,206,4.6
3068,44,4
3069,58,4
3070,536,4.5
3071,106,4.1
3072,95,4.5
3073,89,4
3074,94,4.7
3075,28,4.3
3076,14,4.7
3077,64,4.7
3078,65,3.8
3079,4,4.2
3080,154,3.9
3081,36,4.9
3082,95,4.2
3083,416,3.5
3084,17,4.8
3085,93,4
3086,438,3.4
3087,40,4.5
3088,32,4
3089,111,3.7
3090,13,3.8
3091,136,4.4
3092,137,3.9
3093,8,3.9
3094,178,3.8
3095,32,4.3
3096,19,4.2
3097,14,4.3
3098,17,4.9
3099,14,3.8
3100,25,4.1
3101,60,4.7
3102,32,4.6
3103,130,4
3104,228,4.4
3105,81,4.5
3106,91,4.8
3107,235,3.4
3108,35,4.1
3109,31,5
3110,411,4.4
3111,28,4.9
3112,48,4.8
3113,8,4.5
3114,110,3.6
3115,365,4.5
3116,93,4.7
3117,602,4.4
3118,589,4.6
3119,139,3.8
3120,508,4.7
3121,137,3.2
3122,721,4
3123,55,4.9
3124,59,3.9
3125,360,4.2
3126,11,4.3
3127,2,4.4
3128,19,5
3129,13,5
3130,41,4.1
3131,48,3.9
3132,12,4
3133,50,4.4
3134,58,4.3
3135,13,3.9
3136,72,4.3
3137,74,3.8
3138,941,3.4
3139,1724,3.3
3140,527,4.6
3141,1213,3.7
3142,372,3.8
3143,688,4.5
3144,16,5
3145,983,4.2
3146,525,4.5
3147,620,4.1
3148,407,3.3
3149,174,3.7
3150,169,3.9
3151,185,4
3152,128,4.4
3153,4,4.4
3154,20,5
3155,35,4.2
3156,72,4.5
3157,27,4
3158,179,3.5
3159,49,4.7
3160,489,4.7
3161,39,3.9
3162,8,4.9
3163,21,4.3
3164,67,4.5
3165,12,4.7
3166,32,4.3
3167,15,4.9
3168,40,4.2
3169,42,4.7
3170,67,4.7
3171,102,3.7
3172,8,4.3
3173,150,3.8
3174,51,4.5
3175,1225,3.4
3176,384,3.6
3177,260,3.5
3178,382,4.1
3179,95,4.2
3180,28,4.5
3181,634,3.2
3182,434,3.6
3183,780,3.7
3184,526,3.6
3185,123,4
3186,16,4.3
3187,54,4.3
3188,149,4
3189,17,3.8
3190,28,4
3191,97,3.8
3192,25,5
3193,62,4.9
3194,21,4.6
3195,84,4
3196,8,4.8
3197,172,4.3
3198,850,4.1
3199,166,4.4
3200,1883,4.2
3201,1375,4.4
3202,828,3.3
3203,737,3.4
3204,19649,4
3205,1955,3.9
3206,4316,3.8
3207,676,3.7
3208,3809,3.4
3209,3137,3.7
3210,223,4.3
3211,171,4
3212,22,4.3
3213,283,4.4
3214,303,3.9
3215,86,4.9
3216,35,4.9
3217,103,3.9
3218,9,4.6
3219,2692,3.9
3220,26,4.8
3221,33,4
3222,1286,3.7
3223,241,4.6
3224,4675,3.7
3225,288,3.8
3226,4340,4.5
3227,3166,4.4
3228,8341,4.7
3229,1384,4.5
3230,27445,3.7
3231,2144,4.4
3232,22412,4.2
3233,4434,3.3
3234,914,4.3
3235,561,4.4
3236,99,4.9
3237,30,4.8
3238,2618,4.6
3239,76,4.2
3240,50,4.3
3241,162,4.4
3242,271,4.1
3243,313,4.4
3244,59,4.6
3245,22,4
3246,11580,3.4
3247,16976,3.6
3248,1893,3.8
3249,7106,3.9
3250,2709,4.1
3251,11123,4.1
3252,1560,3.4
3253,3326,3.8
3254,15117,3.7
3255,307,4.4
3256,6357,4.6
3257,987,4.4
3258,17,4.2
3259,86,4.9
3260,139,4.4
3261,23,4.9
3262,56,4.6
3263,22,4
3264,22,4.2
3265,17,4.9
3266,24,4.8
3267,62,4.7
3268,10,3.9
3269,6,4
3270,71,4
3271,19,4.7
3272,89,4.8
3273,3,4.7
3274,137,3.6
3275,59,4
3276,19,4.7
3277,5,3.8
3278,65,4.1
3279,4,4.8
3280,14,4.2
3281,28,5
3282,173,3.8
3283,22,4.1
3284,56,4.9
3285,49,4.7
3286,615,3.9
3287,126,3.6
3288,32,4.5
3289,4598,3.8
3290,945,3.3
3291,1236,4
3292,58,4.4
3293,386,4.3
3294,87,4.3
3295,101,3.8
3296,8,4.3
3297,152,3.6
3298,93,3.9
3299,7,4.6
3300,38,4.2
3301,16,4.9
3302,27,4.8
3303,29,4
3304,112,4.4
3305,52,4.5
3306,30,3.8
3307,138,3.5
3308,55,4.5
3309,85,4
3310,32,4.6
3311,42,4.6
3312,183,4.2
3313,368,3.6
3314,689,4.7
3315,132,4.4
3316,19,4.8
3317,18,3.9
3318,6,4.3
3319,1080,3.7
3320,54,4.7
3321,183,3.5
3322,166,4.4
3323,104,3.2
3324,135,3.4
3325,5660,4
3326,98,4.6
3327,87,4.9
3328,2104,4
3329,177,4.2
3330,16,4.9
3331,137,4.7
3332,16,4
3333,26,4.6
3334,54,5
3335,27,4.2
3336,146,3.5
3337,336,3.9
3338,30,4.2
3339,3,4.1
3340,18,4.7
3341,45,4.9
3342,15,4.4
3343,46,4.5
3344,50,4.6
3345,19,4.8
3346,64,4.2
3347,15,4.8
3348,15,4.3
3349,9,4.3
3350,148,3.7
3351,38,4
3352,128,3.9
3353,38,4.3
3354,20,4.2
3355,84,4.9
3356,240,3.9
3357,12,4.3
3358,241,4
3359,12,4.6
3360,23,4.8
3361,71,3.8
3362,88,4.8
3363,546,3.8
3364,26,4.2
3365,1948,3.3
3366,8,3.9
3367,13,4.9
3368,46,5
3369,11,4.9
3370,29,4.3
3371,87,4
3372,15,4.4
3373,8,4.7
3374,12,4.7
3375,93,4.4
3376,5,4.7
3377,59,4.3
3378,137,4.6
3379,96,3.9
3380,163,4.2
3381,11,4.6
3382,2,3.9
3383,79,3.9
3384,10,4.6
3385,5590,3.9
3386,108,4.4
3387,85,4.4
3388,406,4.3
3389,40,4.1
3390,13,4.4
3391,11,4.2
3392,145,3.8
3393,11,4.8
3394,161,3.2
3395,24,4.6
3396,37,4.2
3397,12,4
3398,22,4.4
3399,201,4.6
3400,26,4.1
3401,60,4.6
3402,290,3.7
3403,114,3.8
3404,17,4.8
3405,154,4.4
3406,59,4.4
3407,33,5
3408,64,4.9
3409,149,3.9
3410,58,4
3411,30,4.7
3412,57,4.2
3413,43,4.9
3414,13,3.9
3415,33,4.4
3416,12,4.4
3417,20,4.1
3418,126,4.5
3419,101,3.5
3420,304,3.9
3421,59,4.4
3422,25,3.9
3423,34,4.5
3424,61,4.4
3425,9,4.5
3426,4,4.4
3427,14,3.9
3428,171,4.6
3429,346,4.3
3430,23,4.7
3431,9,4.1
3432,78,4.2
3433,35,4.3
3434,10,4.3
3435,19,4.4
3436,10,4.9
3437,217,4.3
3438,46,4.7
3439,125,4
3440,6,4.8
3441,41,4.5
3442,14,4.8
3443,241,3.6
3444,47,4.5
3445,37,4
3446,49,4.6
3447,16,4.2
3448,8,4.1
3449,212,4.4
3450,17,4.3
3451,188,3.7
3452,78,4.3
3453,14,4.9
3454,56,4.9
3455,15,4.7
3456,44,4.4
3457,180,4.7
3458,17,4.2
3459,81,4.4
3460,54,4.2
3461,92,4
3462,17,4.3
3463,283,4.3
3464,521,3.8
3465,174,4.4
3466,16,4
3467,401,4.3
3468,72,4.2
3469,69,4
3470,107,4.1
3471,173,4
3472,5,3.9
3473,286,4.4
3474,15,3.9
3475,75,4.9
3476,19,5
3477,132,4.6
3478,40,4.6
3479,69,4.4
3480,78,4.3
3481,14,4.7
3482,8,4.9
3483,19,4.9
3484,7,4.5
3485,30,4.5
3486,8,4.8
3487,196,3.3
3488,10,4.1
3489,13,4.7
3490,61,4
3491,24,4.7
3492,221,3.7
3493,52,4.3
3494,309,4.1
3495,59,4
3496,35,4.3
3497,88,4.2
3498,73,4.8
3499,25,4
3500,52,4.5
3501,9,4.7
3502,130,4
3503,12,4.7
3504,6,4
3505,81,4.8
3506,163,4.7
3507,319,3.7
3508,125,3.7
3509,165,3.4
3510,33,4.2
3511,18,3.9
3512,19,4.5
3513,300,4
3514,21,4.4
3515,29,4.5
3516,19,4.9
3517,48,3.9
3518,20,4.5
3519,14,4
3520,27,4.9
3521,135,4.4
3522,19,4.3
3523,101,4.6
3524,117,3.7
3525,29,4.3
3526,3,4.3
3527,104,3.5
3528,42,4
3529,75,4.2
3530,7,4.7
3531,103,4.6
3532,17,4.3
3533,143,4.7
3534,1036,3.4
3535,34,4.2
3536,46,3.9
3537,18,4
3538,72,4
3539,1234,4.3
3540,13,4.3
3541,16,4
3542,93,4.2
3543,245,3.9
3544,27,4.3
3545,235,4.5
3546,26,4.4
3547,104,4.1
3548,26,4.7
3549,86,4.1
3550,36,4.4
3551,34,3.9
3552,15,4.4
3553,90,4
3554,7,4.4
3555,54,4.7
3556,13,4.6
3557,16,4.4
3558,21,4.2
3559,91,4
3560,394,3.4
3561,91,4.4
3562,206,3.5
3563,67,4.9
3564,11,4.7
3565,85,4.7
3566,21,4.5
3567,8,4.3
3568,93,5
3569,390,3.3
3570,14,4.1
3571,37,4.3
3572,21,3.9
3573,33,4.4
3574,9,3.9
3575,28,4.6
3576,4,4.8
3577,33,4.6
3578,65,4.9
3579,45,4.1
3580,0,4.4
3581,48,4.9
3582,97,4.4
3583,9,3.8
3584,50,4.1
3585,183,4.5
3586,111,3.2
3587,425,3.7
3588,17,4.7
3589,203,4.6
3590,86,4.8
3591,125,4
3592,53,4.2
3593,108,4
3594,53,4.6
3595,7,4.1
3596,16,4.2
3597,34,4.7
3598,21,4
3599,77,4.6
3600,88,4.1
3601,45,4.1
3602,19,4.5
3603,29,3.9
3604,26,4.3
3605,9,3.9
3606,40,4
3607,48,4.6
3608,39,3.8
3609,89,4.1
3610,22,4.9
3611,45,5
3612,196,3.3
3613,91,4.7
3614,2,4.3
3615,48,4.5
3616,41,3.9
3617,9,4.6
3618,86,4.8
3619,16,4.1
3620,5,4.6
3621,26,4.3
3622,28,3.9
3623,9,4.7
3624,43,4
3625,10,4
3626,0,3.9
3627,16,4.5
3628,15,3.9
3629,8,4
3630,4,4.6
3631,3,4.1
3632,22,4
3633,56,3.8
3634,8,4.3
3635,164,3.3
3636,11,3.9
3637,72,4.7
3638,379,4.2
3639,6,4.2
3640,17,4.7
3641,31,4.1
3642,48,3.9
3643,53,4
3644,14,4.4
3645,39,4
3646,13,4.6
3647,26,3.8
3648,0,4.2
3649,2,4.6
3650,13,4.4
3651,23,4.6
3652,37,4.8
3653,2,3.9
3654,62,4.2
3655,112,3.8
3656,41,3.9
3657,43,4.1
3658,61,4.7
3659,10,4.1
3660,40,4.9
3661,12,4.6
3662,193,3.5
3663,81,4.7
3664,1,4.2
3665,1716,3.7
3666,6,4.3
3667,14,4.3
3668,205,3.2
3669,89,4
3670,113,4.1
3671,36,4.6
3672,28,4.8
3673,14,4.9
3674,3,4.8
3675,169,3.6
3676,31,4
3677,36,4.6
3678,20000,4.8
3679,137000,4.8
3680,100000,4.8
3681,120000,4.6
3682,23000,4.8
3683,73000,4.6
3684,183000,4.8
3685,19000,4.9
3686,75000,4.8
3687,44000,4.6
3688,47000,4.6
3689,42000,4.6
3690,86000,4.6
3691,60000,4.6
3692,47000,4.6
3693,83000,4.7
3694,30000,4.7
3695,142000,4.8
3696,46000,4.6
3697,49000,4.6
3698,37000,4.6
3699,78000,4.7
3700,20000,4.7
3701,20000,4.7
3702,37000,4.6
3703,2100,4.8
3704,13000,4.7
3705,1600,4.8
3706,6600,4.6
3707,8000,4.7
3708,2500,4.7
3709,8100,4.7
3710,6900,4.7
3711,9600,4.7
3712,16000,4.7
3713,116,4.7
3714,6400,4.7
3715,1400,4.6
3716,528,4.9
3717,18000,4.6
3718,2700,4.8
3719,3800,4.7
3720,106,4.7
3721,106,4.7
3722,14000,4.9
3723,75000,4.9
3724,16000,4.9
3725,20000,4.6
3726,96000,4.8
3727,1400,4.6
3728,2600,4.5
3729,24000,4.7
3730,43000,4.7
3731,40000,4.8
3732,4100,4.8
3733,269000,4.8
3734,2000,4.8
3735,4300,4.7
3736,1300,4.7
3737,1800,4.6
3738,22000,4.6
3739,2300,4.5
3740,18000,4.8
3741,7200,4.7
3742,16000,4.5
3743,147000,4.8
3744,5500,4.6
3745,24000,4.7
3746,13000,4.6
3747,20000,4.6
3748,16000,4.8
3749,3400,4.7
3750,6500,4.7
3751,5000,4.6
3752,5300,4.7
3753,5600,4.6
3754,2000,4.8
3755,4300,4.8
3756,456,4.7
3757,11000,4.5
3758,61000,4.8
3759,1100,4.7
3760,4800,4.6
3761,18000,4.8
3762,29000,4.7
3763,2800,4.7
3764,711,4.8
3765,4300,4.9
3766,189,4.6
3767,26000,4.8
3768,445,4.8
3769,59000,4.9
3770,47000,4.7
3771,2000,4.6
3772,22000,4.8
3773,2400,4.8
3774,58000,4.7
3775,120000,4.9
3776,18000,4.6
3777,58000,4.7
3778,1900,4.6
3779,140,4.6
3780,26000,4.6
3781,57000,4.7
3782,558,4.7
3783,533,4.3
3784,9100,4.7
3785,20000,4.7
3786,34000,4.6
3787,4800,4.8
3788,49000,4.7
3789,4600,4.8
3790,18000,4.6
3791,11000,4.6
3792,4700,4.8
3793,17000,4.6
3794,958,4.8
3795,2500,4.6
3796,2000,4.8
3797,18000,4.6
3798,8100,4.7
3799,67,4.7
3800,1500,4.9
3801,51000,4.7
3802,11000,4.8
3803,12000,4.6
3804,16000,4.6
3805,48000,4.7
3806,4400,4.8
3808,48000,4.7
3809,1000,4.5
3810,48000,4.7
3811,48000,4.7
3812,154,4.9
3813,22000,4.7
3814,67000,4.7
3816,4000,4.8
3817,16000,4.7
3818,34000,4.5
3821,14000,4.8
3822,4700,4.8
3823,14000,4.6
3824,475,4.8
3825,14000,4.8
3826,275,4.8
3827,2100,4.9
3828,14000,4.7
3830,3300,4.7
3831,161,4.7
3832,14000,4.8
3833,2200,4.7
3834,26000,4.7
3835,11000,4.8
3836,3700,4.7
3837,50000,4.5
3838,1100,4.9
3839,2200,4.7
3840,491,4.4
3841,3300,4.7
3842,2100,4.8
3843,382,4.7
3844,1500,4.4
3845,261,4.6
3846,27000,4.7
3847,48000,4.6
3848,3100,4.7
3849,161,4.5
3850,63000,4.9
3851,1300,4.8
3852,10000,4.7
3853,177,4.8
3854,7300,4.8
3855,278,4.7
3857,35000,4.8
3858,225000,4.8
3859,5400,4.8
3860,708,4.6
3861,1200,4.6
3862,3600,4.8
3863,75,4.6
3864,1300,4.8
3865,6200,4.5
3866,1800,4.6
3868,1400,4.6
3869,9000,4.6
3870,9900,4.6
3871,8800,4.8
3872,9600,4.5
3873,411,4.8
3874,14000,4.8
3875,831,4.8
3876,2400,4.7
3877,174,4.6
3878,9500,4.7
3879,254,4.8
3880,9000,4.8
3881,492,4.5
3882,1900,4.7
3883,946,4.8
3884,6900,4.8
3885,3500,4.8
3886,18000,4.8
3887,423,4.9
3888,24000,4.7
3889,7200,4.8
3890,7900,4.8
3891,619,4.8
3892,8000,4.6
3893,217,4.5
3894,506,4.8
3895,5600,4.7
3896,918,4.8
3897,2400,4.6
3898,7900,4.9
3899,19000,4.6
3900,5000,4.8
3901,533,4.5
3902,22000,4.6
3903,2900,4.7
3904,2600,4.7
3905,4300,4.5
3906,9500,4.8
3907,475,4.6
3908,15000,4.6
3909,6500,4.7
3910,434,4.8
3911,445,4.8
3912,2800,4.8
3913,3800,4.5
3914,3800,4.7
3915,7200,4.7
3916,3400,4.6
3917,171,4.6
3918,407,4.5
3919,13000,4.8
3920,1400,4.6
3921,6200,4.7
3922,4200,4.8
3925,9000,4.5
3926,12000,4.7
3927,15000,4.6
3928,4000,4.7
3929,574,4.7
3930,962,4.6
3931,309,4.4
3932,2000,4.9
3933,94000,4.9
3934,844,3.9
3935,1900,4.7
3936,8400,4.6
3937,806,4.5
3938,979,4.7
3939,2200,4.7
3940,58,4.3
3941,95,4.7
3942,1700,4.6
3943,306,4.6
3944,397,4.7
3945,3500,4.9
3946,1400,4.6
3947,3600,4.7
3948,289,4.8
3949,8000,4.7
3950,258,4.7
3951,2900,4.8
3952,3400,4.5
3953,11,4.1
3954,4200,4.7
3955,393,4.6
3956,3000,4.8
3957,6300,4.7
3958,2500,4.7
3959,864,4.5
3960,2900,4.5
3961,4600,4.8
3962,4800,4.8
3963,1100,4.7
3964,11000,4.5
3965,2600,4.2
3966,1500,4.4
3967,5100,4.8
3968,1400,4.2
3969,346,4.8
3970,3400,4.7
3971,2500,4.5
3972,979,4.8
3973,949,4.4
3974,3100,4.6
3975,4600,4.6
3976,72,2.8
3977,365,4.8
3978,411,4.7
3979,526,4.8
3980,992,4.7
3981,56,4.6
3982,279,4.6
3983,9100,4.7
3984,38,4.4
3985,6100,4.8
3986,525,4.7
3987,17000,4.8
3988,2700,4.8
3989,1100,4.8
3990,1400,4.6
3991,849,4.5
3992,7100,4.6
3993,14000,4.9
3994,2500,4.8
3995,5300,4.6
3996,7100,4.6
3997,4300,4.8
3998,1700,4.9
3999,10000,4.8
4000,936,4.4
4001,2700,4.8
4002,900,4.9
4003,882,4.5
4004,488,4.8
4005,1100,4.9
4006,28,4.4
4007,621,4.9
4008,2600,4.4
4009,130,4.8
4010,461,4.7
4011,230,4.3
4012,36,4.6
4013,596,4.7
4014,195,4.6
4016,3900,4.8
4017,915,4.8
4018,314,4.5
4019,910,4.9
4020,1300,4.3
4021,3900,4.5
4022,1900,4.8
4024,1300,4.8
4025,1500,4.7
4026,12000,4.5
4027,21,4.4
4028,351,4.8
4029,186,4.4
4030,628,4.6
4031,193,4.3
4032,845,4.5
4033,1200,4.7
4034,357,4.5
4035,325,4.5
4036,54,4.7
4037,193,4.3
4038,29,3.7
4039,36,4.4
4040,313,4.7
4041,241,4.4
4042,88,4.5
4043,19,4
4044,3200,4.8
4045,6000,4.6
4046,3400,4.7
4047,45,4.5
4048,669,4.3
4049,2000,4.6
4051,1200,4.3
4052,440,4.5
4053,206,4.6
4054,395,4.5
4055,7300,4.6
4056,669,4.7
4057,428,4.8
4058,28,3.9
4059,760,4.8
4060,783,4.8
4061,278,4.5
4062,47,4.4
4063,232,4.2
4064,322,4.5
4065,358,4.8
4066,3100,4.6
4067,190,4.6
4069,2700,4.9
4070,1100,4.7
4071,1700,4.3
4073,387,4.6
4074,21000,4.7
4075,369,4.5
4076,87,4.5
4077,2000,4.7
4078,22000,4.5
4079,1800,4.9
4080,33,4.5
4081,1000,4.6
4082,1600,4.5
4083,182,4.7
4084,370,4.8
4085,425,4.4
4086,12000,4.7
4087,350,4.6
4088,32,4.8
4089,53,4.1
4090,4900,4.7
4091,1800,4.6
4092,339,4.1
4093,150,4
4094,44,3.4
4095,22,4.5
4096,24,4.5
4097,1200,4.6
4098,2600,4.7
4099,2900,4.8
4100,31,4.8
4101,1600,4.8
4102,3800,4.7
4103,18000,4.8
4104,4500,4.6
4105,532,4.6
4106,1000,4.7
4107,1000,4.6
4108,6,4.3
4109,2000,4.3
4110,182,4.5
4111,124,4.5
4112,215,4.2
4113,485,4.4
4114,540,4
4115,350,4.2
4116,75,4.6
4117,184,4.5
4118,35,4.6
4119,1500,4.7
4120,92,4.5
4121,51,4.2
4122,24,4.8
4123,1200,4.5
4124,311,4.7
4125,11,5
4126,3100,4.6
4127,34,4.5
4128,35,4.9
4129,173,4.7
4130,712,4.7
4131,2600,4.6
4132,422,4.6
4133,707,4.2
4134,1600,4.6
4135,52,4.5
4136,668,4.7
4137,254,4.7
4138,276,4.5
4139,9800,4.7
4140,48000,4.7
4141,53000,4.7
4142,2300,4.7
4143,1400,4.8
4144,48000,4.7
4145,5000,4.6
4146,2400,4.7
4147,1900,4.6
4148,1500,4.8
4149,6400,4.5
4150,6800,4.7
4151,114,4.7
4152,17000,4.7
4153,227,4.5
4154,3800,4.8
4155,1700,4.2
4156,126,4.4
4157,1200,4.3
4158,1300,4.7
4159,1400,4.7
4160,47,4.8
4161,35,4.8
4162,21,4.3
4163,56,4.5
4164,70,4.6
4165,59,4.7
4166,1200,4.6
4167,595,4.8
4168,86,4.7
4169,165,4.5
4170,122,4.7
4171,735,4.8
4172,709,4.7
4173,16000,4.7
4174,676,4.4
4175,80,4.6
4176,30,4.6
4177,812,4.6
4178,819,4.3
4179,606,4.9
4180,1000,4.6
4181,127,4.7
4182,2100,4.5
4183,108,4.5
4184,3500,4.7
4185,192,4.7
4186,2800,4.7
4187,75,4.7
4188,300,4.4
4189,146,4.7
4190,77,4.6
4191,120,4.6
4192,46,4.3
4193,1500,4.7
4194,162,4.9
4195,261,4.1
4196,731,4.5
4197,1100,4.7
4198,98,4.1
4199,15,4.6
4200,90,4.4
4201,498,4.5
4202,244,4.6
4203,787,4.8
4204,226,4
4205,370,4.9
4206,170,4.6
4207,1400,4.8
4208,2700,4.4
4209,31,4.5
4210,8,4.8
4211,257,4.7
4212,122,4.7
4213,105,4.7
4214,89,4.6
4215,3500,4.6
4216,2400,4.6
4217,2400,4.7
4218,1500,4.7
4219,818,4.8
4220,773,4.7
4221,480,4.7
4222,202,4.6
4223,1900,4.4
4224,1700,4.8
4225,122,4.7
4226,252,4.7
4227,1100,4.3
4228,4000,4.4
4229,68,4.5
4230,181,4.7
4231,354,4.5
4232,150,4.6
4233,1500,4.9
4234,264,4.7
4235,144,4.8
4236,490,4.6
4237,533,4.6
4238,2900,4.7
4239,934,4.7
4240,30,4.7
4241,1300,4.5
4242,242,4.9
4243,1300,4.8
4244,349,4.7
4245,631,4.7
4246,93,4.1
4247,8400,4.7
4248,39,4.6
4249,2100,4.8
4250,204,4.5
4251,329,4.7
4252,405,4.7
4253,163,4.6
4254,3200,4.7
4255,173,4.7
4256,1400,4.6
4257,380,4.9
4258,50,4.7
4259,352,4.7
4260,5900,4.6
4261,2700,4.8
4262,7300,4.7
4263,116,4.6
4265,1600,4.8
4267,2700,4.6
4268,291,4.7
4269,14,4.4
4270,613,4.6
4271,73,4.3
4272,88000,4.8
4273,3100,4.7
4274,88,4.4
4275,1000,4.7
4277,6600,4.6
4278,192,4.7
4280,1500,4.9
4281,97,4.8
4282,11,4.6
4283,1300,4.7
4284,1000,4.7
4285,349,4.5
4286,59,4.7
4287,404,4.8
4288,66,4.5
4289,4200,4.8
4290,72,4.8
4291,1200,4.7
4292,124,4.6
4293,611,4.5
4294,47,4.5
4295,245,4.7
4296,762,4.7
4297,106,4.7
4298,127,4.3
4299,744,4.5
4300,37,4.3
